,street,shopfacade,stmaryschurch,trinitygreatcourt,kingscollege,oldhospital,apt1_kitchen,apt1_living,apt2_bed,apt2_kitchen,apt2_living,apt2_luke,office1_gates362,office1_gates381,office1_lounge,office1_manolis,office2_5a,office2_5b
scale,43.89671652,3.251366533,15.17334386,221138.8388,9.715847566,3.394646427,0.224617738,0.27164709,0.251160551,0.072754513,0.185670084,0.256003773,0.093489518,0.307070251,0.204606498,0.284493065,0.514587858,0.797351737
